abc 4;abc 4
afp infos economiques;afp world news
afp infos françaises;afp world news
afp infos mondiales;afp world news
afp journal internet afp;afp world news
afp world news;afp world news
airguide online;airguide online
american journal of international law;american journal of international law
american society of international law;american society of international law
american society of international law proceedings of the annual meeting;american society of international law
avis financiers les echos;les echos
benzinga lightning;benzinga lightning
benzinga lightning feed;benzinga lightning
blogs computer and electronics;blogs computer and electronics
blogs droit;blogs law
blogs health;blogs health
blogs law;blogs law
blogs ordinateurs et électroniques;blogs computer and electronics
blogs pharmaceutical;blogs pharmaceutical
blogs pharmaceutique;blogs pharmaceutical
blogs politics;blogs politics
blogs politique;blogs politics
blogs santé;blogs health
bloomberg.com;bloomberg.com
bloomberg.com (web site ref.);bloomberg.com
boursorama;boursorama
boursorama (site web réf.);boursorama
briefing;briefing
bulletin du droit de l'environnement industriel;bulletin du droit de l'environnement industriel
bulletin quotidien;bulletin quotidien
business and financial times (ghana);ghana business and financial times
business and financial times ghana;ghana business and financial times
business and financial times (ghana) (web site ref.);ghana business and financial times
business chief;business chief
business chief (web site ref.);business chief
canada newswire;canada newswire
canada newswire (français);canada newswire
canada=united states law journal;canada-united states law journal
canadian government news;canadian government news
canadian public administration;canadian public administration
c.d. howe institute;cd howe institute
cd howe institute;cd howe institute
central asia;central asia
ceo ca;ceo ca
ceo ca (web site ref.);ceo ca
daily balochistan express;daily balochistan express
daily frontier star;daily frontier star
daily frontier star (peshawar, pakistan);daily frontier star
daily the pak banker;daily the pak banker
defence journal;defence journal
digital journal;digital journal
digital journal (web site ref.);digital journal
écrivains québécois dossiers (l'ile);écrivains québécois
écrivains québécois;écrivains québécois
edgar online=8=k glimpse;edgar online-8-k glimpse
environmental health perspectives;environmental health perspectives
environmental law;environmental law
european report;european report
finances les echos;les echos
financial institution reports;financial institution reports
financial law reporter;financial law reporter
financial management;financial management
financial post;financial post
financial post (web site ref.);financial post
financial times;financial times
finyear;finyear
finyear (site web);finyear
foreign affairs (nz) (web site ref.);new zealand ministry of foreign affairs and trade
ghana business and financial times;ghana business and financial times
gomal university journal of research;gomal university journal of research
harvard journal of law and technology;harvard journal of law and technology
health management technology;health management technology
huffpost;huffpost
huffpost uk (web site ref.);huffpost
ijar accounting, finance and management sciences;ijar
ijar economics and management sciences;ijar
ijar;ijar
international narcotics control strategy report;international narcotics control strategy report
islamic banking and insurance news;islamic banking and insurance news
journal air and waste management association;journal air and waste management association
journal: air and waste management association;journal air and waste management association
journal of consumer affairs;journal of consumer affairs
journal of european studies;journal of european studies
journal of international affairs;journal of international affairs
journal of the research society of pakistan;journal of the research society of pakistan
kelownanow (bc) (web site ref.);kelownanow
kelownanow;kelownanow
labour/le travail;labour/le travail
la correspondance économique;la correspondance économique
la gazette des communes;la gazette des communes
l'agefi.fr;l'agefi
l'agefi;l'agefi
la matinale du monde;la matinale du monde
lancsliv;lancsliv
lancsliv (web site ref.);lancsliv
la relève maroc;la relève maroc
la relève (maroc) (site web réf.);la relève maroc
la tribune (france);la tribune france
la tribune france;la tribune france
la tribune occitanie;la tribune france
la tribune occitanie montpellier (site web);la tribune france
law review university of pennsylvania;law review university of pennsylvania
law review (university of pennsylvania law school);law review university of pennsylvania
law review university of pennsylvania law school;law review university of pennsylvania
le bien public;le bien public
le figaro;le figaro
le figaro (site web);le figaro
le journal de saône et loire;le journal de saône et loire
le journal des entreprises (édition région sud);le journal des entreprises
le journal des entreprises;le journal des entreprises
le lézard;le lézard
le lézard (web site ref.);le lézard
le monde;le monde
le monde (site web);le monde
le moniteur des travaux publics et du bâtiment;le moniteur des travaux publics et du bâtiment
le parisien;le parisien
le parisien (site web);le parisien
le point;le point
le progrès;le progrès
le progrès (lyon);le progrès
les affaires;les affaires
les echos avis financiers (english);les echos
les echos avis financiers (français);les echos
les echos avis financiers;les echos
les echos finances;les echos
lesechos.fr;les echos
les echos le cercle;les echos
les echos le cercle (site web);les echos
les echos;les echos
lesechos;les echos
le soir;le soir
l'est républicain;l'est républicain
leta;leta
l'express;l'express
libération;libération
libération (site web);libération
liberté (algérie);liberté algérie
liberté algérie;liberté algérie
liberté (algérie) (site web);liberté algérie
m2 presswire;m2 presswire
maclean's;maclean's
maclean's (web site ref.);maclean's
madame figaro;madame figaro
management international review;management international review
marketing (france);marketing france
marketing france;marketing france
marketwired;marketwired
masthead online;masthead online
masthead online (web site ref.);masthead online
mcgill law journal;mcgill law journal
medical product outsourcing;medical product outsourcing
mind fintech;mind fintech
mind fintech (site web);mind fintech
mizzima news;mizzima news
monthly labor review;monthly labor review
morningstar.com;morningstar.com
morningstar.com (web site ref.);morningstar.com
mpo medical product outsourcing;medical product outsourcing
nationtalk;nationtalk
nationtalk (web site ref.);nationtalk
newspress (english);newspress
newspress;newspress
newswire pakistan;newswire pakistan
new zealand ministry of foreign affairs and trade;new zealand ministry of foreign affairs and trade
nigerian tribune;nigerian tribune
nigerian tribune (web site ref.);nigerian tribune
notre dame law review (in);notre dame law review
notre dame law review;notre dame law review
ottawa law review;ottawa law review
pakistan business news;pakistan business news
pakistan company updates;pakistan company updates
pakistan investor guide;pakistan investor guide
pakistan law reporter;pakistan law reporter
pakistan news gazette;pakistan news gazette
pakistan observer;pakistan observer
pakistan perspectives;pakistan perspectives
pakistan press international;pakistan press international
pakistan press international (ppi);pakistan press international
pakistan today;pakistan today
pan african visions;pan african visions
petroleum supply monthly;petroleum supply monthly
pharma focus asia;pharma focus asia
pharma focus asia (web site ref.);pharma focus asia
plus patent news;plus patent news
policy perspectives;policy perspectives
pr newswire europe (english);pr newswire
pr newswire;pr newswire
pr newswire us;pr newswire
pr web (web site ref.);pr newswire
rapports banques et institutions financières;reports banks
reports agrobusiness;reports agrobusiness
reports banks and financial institutions;financial institution reports
reports banks;reports banks
reports defence;reports defence
reports energy;reports energy
reports health;reports health
reports labor and unions;reports labor and unions
reports (premium);reports premium
reports premium;reports premium
reports risk management;reports risk management
reports think tanks;reports think tanks
reports transport;reports transport
revue lamy droit de l'immatériel;revue lamy droit de l'immatériel
riskassur;riskassur
riskassur (site web);riskassur
sackville tribune post (nb);sackville tribune post
sackville tribune post;sackville tribune post
sciences et avenir;sciences et avenir
sciences et avenir (site web);sciences et avenir
seeking alpha (blog ref.);seeking alpha
seeking alpha;seeking alpha
south asian studies;south asian studies
states news services;states news services
stockhouse;stockhouse
stockhouse (web site ref.);stockhouse
stockwatch;stockwatch
stockwatch (web site ref.);stockwatch
straits times (singapore) (web site ref.);straits times
straits times;straits times
strategic studies;strategic studies
sud ouest (site web);sud ouest
sud ouest;sud ouest
the balochistan times;the balochistan times
the canadian business journal;the canadian business journal
the canadian business journal (web site ref.);the canadian business journal
the energy journal;the energy journal
the international economy;the international economy
the journal of animal and plant sciences;the journal of animal and plant sciences
the journal of risk and insurance;the journal of risk and insurance
the times of malta;the times of malta
the times of malta (web site ref.);the times of malta
the world education news;the world education news
the world education news (web site ref.);the world education news
the zimbabwe independent;the zimbabwe independent
the zimbabwe independent (web site ref.);the zimbabwe independent
tmc net;tmc net
tmc net (web site ref.);tmc net
transnational corporations;transnational corporations
tripalio (site web);tripalio
tripalio;tripalio
university of new brunswick law journal;university of new brunswick law journal
vanderbilt law review;vanderbilt law review
wards auto;wards auto
wards auto (web site ref.);wards auto
web sites activité physique;web sites health and fitness
web sites actualité régionale;web sites regional news
web sites automobile;web sites motoring
web sites business management;web sites business management
web sites business;web sites business management
web sites droit;web sites law
web sites economy / économie;web sites economy
web sites economy;web sites economy
web sites energie et environnement;web sites energie et environnement
web sites energy and environment;web sites energy and environment
web sites gestion;web sites gestion
web sites health and fitness;web sites health and fitness
web sites information technology and internet;web sites information technology and internet
web sites law / droit;web sites law
web sites law;web sites law
web sites marketing;web sites marketing
web sites motoring;web sites motoring
web sites regional news;web sites regional news
web sites science and engineering;web sites science and engineering
web sites science et ingénierie;web sites science and engineering
web sites technologie de l'information, internet;web sites information technology and internet
web sites travel and vacations;web sites travel and vacations
web sites voyage et tourisme;web sites travel and vacations
yahoo! finance canada (web site ref.);yahoo finance
yahoo finance;yahoo finance
yahoo! finance;yahoo finance
